username,repo_owner,repo_name,verified_at

devcode8,fetchai,innovation-lab-examples,2025-10-28 13:34:59
aryanty4gi,fetchai,innovation-lab-examples,2025-10-28 13:37:13
ishanyadav07,fetchai,innovation-lab-examples,2025-10-28 14:24:18
ANSHGOYAL123,fetchai,innovation-lab-examples,2025-10-28 14:24:18
Anshul31-max,fetchai,innovation-lab-examples,2025-10-28 14:24:58
attreyishika30,fetchai,innovation-lab-examples,2025-10-28 14:25:49
abhiikumar9837,fetchai,innovation-lab-examples,2025-10-28 14:26:29
priyanshigargcseaiml2024-del,fetchai,innovation-lab-examples,2025-10-28 14:27:16
akshanshmittal81,fetchai,innovation-lab-examples,2025-10-28 14:30:28
altamashsaifi,fetchai,innovation-lab-examples,2025-10-28 14:32:22
Altamashsaifi,fetchai,innovation-lab-examples,2025-10-28 14:32:24
